mpg,cylinders,displacement,horsepower,weight,acceleration,model_year,origin,name,brand,power_to_weight
18.0,8,307.0,130.0,3504,12.0,70,usa,chevrolet chevelle malibu,chevrolet,0.037100456621004564
15.0,8,350.0,165.0,3693,11.5,70,usa,buick skylark 320,buick,0.04467912266450041
18.0,8,318.0,150.0,3436,11.0,70,usa,plymouth satellite,plymouth,0.043655413271245634
16.0,8,304.0,150.0,3433,12.0,70,usa,amc rebel sst,amc,0.043693562481794346
17.0,8,302.0,140.0,3449,10.5,70,usa,ford torino,ford,0.04059147579008408
15.0,8,429.0,198.0,4341,10.0,70,usa,ford galaxie 500,ford,0.04561161022805805
14.0,8,454.0,220.0,4354,9.0,70,usa,chevrolet impala,chevrolet,0.050528249885163065
14.0,8,440.0,215.0,4312,8.5,70,usa,plymouth fury iii,plymouth,0.049860853432282005
14.0,8,455.0,225.0,4425,10.0,70,usa,pontiac catalina,pontiac,0.05084745762711865
15.0,8,390.0,190.0,3850,8.5,70,usa,amc ambassador dpl,amc,0.04935064935064935
15.0,8,383.0,170.0,3563,10.0,70,usa,dodge challenger se,dodge,0.04771260174010665
14.0,8,340.0,160.0,3609,8.0,70,usa,plymouth 'cuda 340,plymouth,0.04433361041839845
15.0,8,400.0,150.0,3761,9.5,70,usa,chevrolet monte carlo,chevrolet,0.03988300983780909
14.0,8,455.0,225.0,3086,10.0,70,usa,buick estate wagon (sw),buick,0.0729099157485418
24.0,4,113.0,95.0,2372,15.0,70,japan,toyota corona mark ii,toyota,0.04005059021922428
22.0,6,198.0,95.0,2833,15.5,70,usa,plymouth duster,plymouth,0.03353335686551359
18.0,6,199.0,97.0,2774,15.5,70,usa,amc hornet,amc,0.034967555875991346
21.0,6,200.0,85.0,2587,16.0,70,usa,ford maverick,ford,0.032856590645535366
27.0,4,97.0,88.0,2130,14.5,70,japan,datsun pl510,datsun,0.04131455399061033
26.0,4,97.0,46.0,1835,20.5,70,europe,volkswagen 1131 deluxe sedan,volkswagen,0.025068119891008173
25.0,4,110.0,87.0,2672,17.5,70,europe,peugeot 504,peugeot,0.03255988023952096
24.0,4,107.0,90.0,2430,14.5,70,europe,audi 100 ls,audi,0.037037037037037035
25.0,4,104.0,95.0,2375,17.5,70,europe,saab 99e,saab,0.04
26.0,4,121.0,113.0,2234,12.5,70,europe,bmw 2002,bmw,0.050581915846016116
21.0,6,199.0,90.0,2648,15.0,70,usa,amc gremlin,amc,0.033987915407854986
10.0,8,360.0,215.0,4615,14.0,70,usa,ford f250,ford,0.04658721560130011
10.0,8,307.0,200.0,4376,15.0,70,usa,chevy c20,chevrolet,0.04570383912248629
11.0,8,318.0,210.0,4382,13.5,70,usa,dodge d200,dodge,0.04792332268370607
9.0,8,304.0,193.0,4732,18.5,70,usa,hi 1200d,hi,0.04078613693998309
27.0,4,97.0,88.0,2130,14.5,71,japan,datsun pl510,datsun,0.04131455399061033
28.0,4,140.0,90.0,2264,15.5,71,usa,chevrolet vega 2300,chevrolet,0.03975265017667844
25.0,4,113.0,95.0,2228,14.0,71,japan,toyota corona,toyota,0.042639138240574505
19.0,6,232.0,100.0,2634,13.0,71,usa,amc gremlin,amc,0.037965072133637055
16.0,6,225.0,105.0,3439,15.5,71,usa,plymouth satellite custom,plymouth,0.030532131433556268
17.0,6,250.0,100.0,3329,15.5,71,usa,chevrolet chevelle malibu,chevrolet,0.030039050765995796
19.0,6,250.0,88.0,3302,15.5,71,usa,ford torino 500,ford,0.026650514839491216
18.0,6,232.0,100.0,3288,15.5,71,usa,amc matador,amc,0.030413625304136254
14.0,8,350.0,165.0,4209,12.0,71,usa,chevrolet impala,chevrolet,0.039201710620099785
14.0,8,400.0,175.0,4464,11.5,71,usa,pontiac catalina brougham,pontiac,0.03920250896057348
14.0,8,351.0,153.0,4154,13.5,71,usa,ford galaxie 500,ford,0.03683196918632643
14.0,8,318.0,150.0,4096,13.0,71,usa,plymouth fury iii,plymouth,0.03662109375
12.0,8,383.0,180.0,4955,11.5,71,usa,dodge monaco (sw),dodge,0.03632694248234107
13.0,8,400.0,170.0,4746,12.0,71,usa,ford country squire (sw),ford,0.03581963758954909
13.0,8,400.0,175.0,5140,12.0,71,usa,pontiac safari (sw),pontiac,0.03404669260700389
18.0,6,258.0,110.0,2962,13.5,71,usa,amc hornet sportabout (sw),amc,0.03713706954760297
22.0,4,140.0,72.0,2408,19.0,71,usa,chevrolet vega (sw),chevrolet,0.029900332225913623
19.0,6,250.0,100.0,3282,15.0,71,usa,pontiac firebird,pontiac,0.030469226081657527
18.0,6,250.0,88.0,3139,14.5,71,usa,ford mustang,ford,0.028034405861739407
23.0,4,122.0,86.0,2220,14.0,71,usa,mercury capri 2000,mercury,0.03873873873873874
28.0,4,116.0,90.0,2123,14.0,71,europe,opel 1900,opel,0.04239284032030146
30.0,4,79.0,70.0,2074,19.5,71,europe,peugeot 304,peugeot,0.033751205400192864
30.0,4,88.0,76.0,2065,14.5,71,europe,fiat 124b,fiat,0.036803874092009685
31.0,4,71.0,65.0,1773,19.0,71,japan,toyota corolla 1200,toyota,0.03666102650874224
35.0,4,72.0,69.0,1613,18.0,71,japan,datsun 1200,datsun,0.04277743335399876
27.0,4,97.0,60.0,1834,19.0,71,europe,volkswagen model 111,volkswagen,0.03271537622682661
26.0,4,91.0,70.0,1955,20.5,71,usa,plymouth cricket,plymouth,0.03580562659846547
24.0,4,113.0,95.0,2278,15.5,72,japan,toyota corona hardtop,toyota,0.04170324846356453
25.0,4,97.5,80.0,2126,17.0,72,usa,dodge colt hardtop,dodge,0.03762935089369708
23.0,4,97.0,54.0,2254,23.5,72,europe,volkswagen type 3,volkswagen,0.023957409050576754
20.0,4,140.0,90.0,2408,19.5,72,usa,chevrolet vega,chevrolet,0.03737541528239203
21.0,4,122.0,86.0,2226,16.5,72,usa,ford pinto runabout,ford,0.03863432165318958
13.0,8,350.0,165.0,4274,12.0,72,usa,chevrolet impala,chevrolet,0.0386055217594759
14.0,8,400.0,175.0,4385,12.0,72,usa,pontiac catalina,pontiac,0.039908779931584946
15.0,8,318.0,150.0,4135,13.5,72,usa,plymouth fury iii,plymouth,0.036275695284159616
14.0,8,351.0,153.0,4129,13.0,72,usa,ford galaxie 500,ford,0.03705497699200775
17.0,8,304.0,150.0,3672,11.5,72,usa,amc ambassador sst,amc,0.04084967320261438
11.0,8,429.0,208.0,4633,11.0,72,usa,mercury marquis,mercury,0.044895316209799266
13.0,8,350.0,155.0,4502,13.5,72,usa,buick lesabre custom,buick,0.03442914260328743
12.0,8,350.0,160.0,4456,13.5,72,usa,oldsmobile delta 88 royale,oldsmobile,0.03590664272890485
13.0,8,400.0,190.0,4422,12.5,72,usa,chrysler newport royal,chrysler,0.04296698326549073
19.0,3,70.0,97.0,2330,13.5,72,japan,mazda rx2 coupe,mazda,0.041630901287553645
15.0,8,304.0,150.0,3892,12.5,72,usa,amc matador (sw),amc,0.03854059609455293
13.0,8,307.0,130.0,4098,14.0,72,usa,chevrolet chevelle concours (sw),chevrolet,0.0317227916056613
13.0,8,302.0,140.0,4294,16.0,72,usa,ford gran torino (sw),ford,0.032603632976245925
14.0,8,318.0,150.0,4077,14.0,72,usa,plymouth satellite custom (sw),plymouth,0.03679175864606328
18.0,4,121.0,112.0,2933,14.5,72,europe,volvo 145e (sw),volvo,0.03818615751789976
22.0,4,121.0,76.0,2511,18.0,72,europe,volkswagen 411 (sw),volkswagen,0.030266825965750695
21.0,4,120.0,87.0,2979,19.5,72,europe,peugeot 504 (sw),peugeot,0.02920443101711984
26.0,4,96.0,69.0,2189,18.0,72,europe,renault 12 (sw),renault,0.031521242576518956
22.0,4,122.0,86.0,2395,16.0,72,usa,ford pinto (sw),ford,0.03590814196242171
28.0,4,97.0,92.0,2288,17.0,72,japan,datsun 510 (sw),datsun,0.04020979020979021
23.0,4,120.0,97.0,2506,14.5,72,japan,toyouta corona mark ii (sw),toyota,0.038707102952913006
28.0,4,98.0,80.0,2164,15.0,72,usa,dodge colt (sw),dodge,0.036968576709796676
27.0,4,97.0,88.0,2100,16.5,72,japan,toyota corolla 1600 (sw),toyota,0.0419047619047619
13.0,8,350.0,175.0,4100,13.0,73,usa,buick century 350,buick,0.042682926829268296
14.0,8,304.0,150.0,3672,11.5,73,usa,amc matador,amc,0.04084967320261438
13.0,8,350.0,145.0,3988,13.0,73,usa,chevrolet malibu,chevrolet,0.03635907723169508
14.0,8,302.0,137.0,4042,14.5,73,usa,ford gran torino,ford,0.0338941118258288
15.0,8,318.0,150.0,3777,12.5,73,usa,dodge coronet custom,dodge,0.03971405877680699
12.0,8,429.0,198.0,4952,11.5,73,usa,mercury marquis brougham,mercury,0.03998384491114701
13.0,8,400.0,150.0,4464,12.0,73,usa,chevrolet caprice classic,chevrolet,0.033602150537634407
13.0,8,351.0,158.0,4363,13.0,73,usa,ford ltd,ford,0.03621361448544579
14.0,8,318.0,150.0,4237,14.5,73,usa,plymouth fury gran sedan,plymouth,0.03540240736370073
13.0,8,440.0,215.0,4735,11.0,73,usa,chrysler new yorker brougham,chrysler,0.0454065469904963
12.0,8,455.0,225.0,4951,11.0,73,usa,buick electra 225 custom,buick,0.045445364572813576
13.0,8,360.0,175.0,3821,11.0,73,usa,amc ambassador brougham,amc,0.04579952891913112
18.0,6,225.0,105.0,3121,16.5,73,usa,plymouth valiant,plymouth,0.03364306312079462
16.0,6,250.0,100.0,3278,18.0,73,usa,chevrolet nova custom,chevrolet,0.03050640634533252
18.0,6,232.0,100.0,2945,16.0,73,usa,amc hornet,amc,0.03395585738539898
18.0,6,250.0,88.0,3021,16.5,73,usa,ford maverick,ford,0.029129427341939754
23.0,6,198.0,95.0,2904,16.0,73,usa,plymouth duster,plymouth,0.03271349862258953
26.0,4,97.0,46.0,1950,21.0,73,europe,volkswagen super beetle,volkswagen,0.02358974358974359
11.0,8,400.0,150.0,4997,14.0,73,usa,chevrolet impala,chevrolet,0.03001801080648389
12.0,8,400.0,167.0,4906,12.5,73,usa,ford country,ford,0.03403995108030983
13.0,8,360.0,170.0,4654,13.0,73,usa,plymouth custom suburb,plymouth,0.0365277180919639
12.0,8,350.0,180.0,4499,12.5,73,usa,oldsmobile vista cruiser,oldsmobile,0.04000889086463658
18.0,6,232.0,100.0,2789,15.0,73,usa,amc gremlin,amc,0.035855145213338116
20.0,4,97.0,88.0,2279,19.0,73,japan,toyota carina,toyota,0.03861342694164107
21.0,4,140.0,72.0,2401,19.5,73,usa,chevrolet vega,chevrolet,0.029987505206164097
22.0,4,108.0,94.0,2379,16.5,73,japan,datsun 610,datsun,0.039512400168137875
18.0,3,70.0,90.0,2124,13.5,73,japan,maxda rx3,mazda,0.0423728813559322
19.0,4,122.0,85.0,2310,18.5,73,usa,ford pinto,ford,0.0367965367965368
21.0,6,155.0,107.0,2472,14.0,73,usa,mercury capri v6,mercury,0.043284789644012944
26.0,4,98.0,90.0,2265,15.5,73,europe,fiat 124 sport coupe,fiat,0.039735099337748346
15.0,8,350.0,145.0,4082,13.0,73,usa,chevrolet monte carlo s,chevrolet,0.035521803037726604
16.0,8,400.0,230.0,4278,9.5,73,usa,pontiac grand prix,pontiac,0.053763440860215055
29.0,4,68.0,49.0,1867,19.5,73,europe,fiat 128,fiat,0.026245313336904125
24.0,4,116.0,75.0,2158,15.5,73,europe,opel manta,opel,0.03475440222428174
20.0,4,114.0,91.0,2582,14.0,73,europe,audi 100ls,audi,0.03524399690162665
19.0,4,121.0,112.0,2868,15.5,73,europe,volvo 144ea,volvo,0.03905160390516039
15.0,8,318.0,150.0,3399,11.0,73,usa,dodge dart custom,dodge,0.0441306266548985
24.0,4,121.0,110.0,2660,14.0,73,europe,saab 99le,saab,0.041353383458646614
20.0,6,156.0,122.0,2807,13.5,73,japan,toyota mark ii,toyota,0.04346277164232276
11.0,8,350.0,180.0,3664,11.0,73,usa,oldsmobile omega,oldsmobile,0.04912663755458515
20.0,6,198.0,95.0,3102,16.5,74,usa,plymouth duster,plymouth,0.030625402965828497
19.0,6,232.0,100.0,2901,16.0,74,usa,amc hornet,amc,0.03447087211306446
15.0,6,250.0,100.0,3336,17.0,74,usa,chevrolet nova,chevrolet,0.02997601918465228
31.0,4,79.0,67.0,1950,19.0,74,japan,datsun b210,datsun,0.03435897435897436
26.0,4,122.0,80.0,2451,16.5,74,usa,ford pinto,ford,0.032639738882088945
32.0,4,71.0,65.0,1836,21.0,74,japan,toyota corolla 1200,toyota,0.03540305010893246
25.0,4,140.0,75.0,2542,17.0,74,usa,chevrolet vega,chevrolet,0.029504327301337528
16.0,6,250.0,100.0,3781,17.0,74,usa,chevrolet chevelle malibu classic,chevrolet,0.026448029621793177
16.0,6,258.0,110.0,3632,18.0,74,usa,amc matador,amc,0.0302863436123348
18.0,6,225.0,105.0,3613,16.5,74,usa,plymouth satellite sebring,plymouth,0.029061721561029614
16.0,8,302.0,140.0,4141,14.0,74,usa,ford gran torino,ford,0.03380825887466796
13.0,8,350.0,150.0,4699,14.5,74,usa,buick century luxus (sw),buick,0.03192168546499255
14.0,8,318.0,150.0,4457,13.5,74,usa,dodge coronet custom (sw),dodge,0.03365492483733453
14.0,8,302.0,140.0,4638,16.0,74,usa,ford gran torino (sw),ford,0.030185424752048298
14.0,8,304.0,150.0,4257,15.5,74,usa,amc matador (sw),amc,0.035236081747709654
29.0,4,98.0,83.0,2219,16.5,74,europe,audi fox,audi,0.03740423614240649
26.0,4,79.0,67.0,1963,15.5,74,europe,volkswagen dasher,volkswagen,0.03413143148242486
26.0,4,97.0,78.0,2300,14.5,74,europe,opel manta,opel,0.03391304347826087
31.0,4,76.0,52.0,1649,16.5,74,japan,toyota corona,toyota,0.031534263189812006
32.0,4,83.0,61.0,2003,19.0,74,japan,datsun 710,datsun,0.030454318522216674
28.0,4,90.0,75.0,2125,14.5,74,usa,dodge colt,dodge,0.03529411764705882
24.0,4,90.0,75.0,2108,15.5,74,europe,fiat 128,fiat,0.03557874762808349
26.0,4,116.0,75.0,2246,14.0,74,europe,fiat 124 tc,fiat,0.033392698130008905
24.0,4,120.0,97.0,2489,15.0,74,japan,honda civic,honda,0.038971474487746086
26.0,4,108.0,93.0,2391,15.5,74,japan,subaru,subaru,0.03889585947302384
31.0,4,79.0,67.0,2000,16.0,74,europe,fiat x1.9,fiat,0.0335
19.0,6,225.0,95.0,3264,16.0,75,usa,plymouth valiant custom,plymouth,0.029105392156862746
18.0,6,250.0,105.0,3459,16.0,75,usa,chevrolet nova,chevrolet,0.030355594102341718
15.0,6,250.0,72.0,3432,21.0,75,usa,mercury monarch,mercury,0.02097902097902098
15.0,6,250.0,72.0,3158,19.5,75,usa,ford maverick,ford,0.022799240025332488
16.0,8,400.0,170.0,4668,11.5,75,usa,pontiac catalina,pontiac,0.03641816623821765
15.0,8,350.0,145.0,4440,14.0,75,usa,chevrolet bel air,chevrolet,0.03265765765765766
16.0,8,318.0,150.0,4498,14.5,75,usa,plymouth grand fury,plymouth,0.03334815473543797
14.0,8,351.0,148.0,4657,13.5,75,usa,ford ltd,ford,0.031780115954477134
17.0,6,231.0,110.0,3907,21.0,75,usa,buick century,buick,0.028154594317890965
16.0,6,250.0,105.0,3897,18.5,75,usa,chevroelt chevelle malibu,chevrolet,0.026943802925327175
15.0,6,258.0,110.0,3730,19.0,75,usa,amc matador,amc,0.029490616621983913
18.0,6,225.0,95.0,3785,19.0,75,usa,plymouth fury,plymouth,0.02509907529722589
21.0,6,231.0,110.0,3039,15.0,75,usa,buick skyhawk,buick,0.0361961171437973
20.0,8,262.0,110.0,3221,13.5,75,usa,chevrolet monza 2+2,chevrolet,0.034150884818379384
13.0,8,302.0,129.0,3169,12.0,75,usa,ford mustang ii,ford,0.04070684758598927
29.0,4,97.0,75.0,2171,16.0,75,japan,toyota corolla,toyota,0.03454629203132197
23.0,4,140.0,83.0,2639,17.0,75,usa,ford pinto,ford,0.03145130731337628
20.0,6,232.0,100.0,2914,16.0,75,usa,amc gremlin,amc,0.03431708991077557
23.0,4,140.0,78.0,2592,18.5,75,usa,pontiac astro,pontiac,0.03009259259259259
24.0,4,134.0,96.0,2702,13.5,75,japan,toyota corona,toyota,0.03552923760177646
25.0,4,90.0,71.0,2223,16.5,75,europe,volkswagen dasher,volkswagen,0.031938821412505626
24.0,4,119.0,97.0,2545,17.0,75,japan,datsun 710,datsun,0.0381139489194499
18.0,6,171.0,97.0,2984,14.5,75,usa,ford pinto,ford,0.032506702412868634
29.0,4,90.0,70.0,1937,14.0,75,europe,volkswagen rabbit,volkswagen,0.036138358286009295
19.0,6,232.0,90.0,3211,17.0,75,usa,amc pacer,amc,0.02802865151043289
23.0,4,115.0,95.0,2694,15.0,75,europe,audi 100ls,audi,0.03526354862657758
23.0,4,120.0,88.0,2957,17.0,75,europe,peugeot 504,peugeot,0.029759891782211702
22.0,4,121.0,98.0,2945,14.5,75,europe,volvo 244dl,volvo,0.033276740237691005
25.0,4,121.0,115.0,2671,13.5,75,europe,saab 99le,saab,0.0430550355672033
33.0,4,91.0,53.0,1795,17.5,75,japan,honda civic cvcc,honda,0.029526462395543174
28.0,4,107.0,86.0,2464,15.5,76,europe,fiat 131,fiat,0.0349025974025974
25.0,4,116.0,81.0,2220,16.9,76,europe,opel 1900,opel,0.03648648648648649
25.0,4,140.0,92.0,2572,14.9,76,usa,capri ii,capri,0.03576982892690513
26.0,4,98.0,79.0,2255,17.7,76,usa,dodge colt,dodge,0.03503325942350333
27.0,4,101.0,83.0,2202,15.3,76,europe,renault 12tl,renault,0.037693006357856496
17.5,8,305.0,140.0,4215,13.0,76,usa,chevrolet chevelle malibu classic,chevrolet,0.033214709371293
16.0,8,318.0,150.0,4190,13.0,76,usa,dodge coronet brougham,dodge,0.03579952267303103
15.5,8,304.0,120.0,3962,13.9,76,usa,amc matador,amc,0.03028773346794548
14.5,8,351.0,152.0,4215,12.8,76,usa,ford gran torino,ford,0.03606168446026097
22.0,6,225.0,100.0,3233,15.4,76,usa,plymouth valiant,plymouth,0.03093102381688834
22.0,6,250.0,105.0,3353,14.5,76,usa,chevrolet nova,chevrolet,0.031315240083507306
24.0,6,200.0,81.0,3012,17.6,76,usa,ford maverick,ford,0.026892430278884463
22.5,6,232.0,90.0,3085,17.6,76,usa,amc hornet,amc,0.029173419773095625
29.0,4,85.0,52.0,2035,22.2,76,usa,chevrolet chevette,chevrolet,0.025552825552825554
24.5,4,98.0,60.0,2164,22.1,76,usa,chevrolet woody,chevrolet,0.027726432532347505
29.0,4,90.0,70.0,1937,14.2,76,europe,vw rabbit,volkswagen,0.036138358286009295
33.0,4,91.0,53.0,1795,17.4,76,japan,honda civic,honda,0.029526462395543174
20.0,6,225.0,100.0,3651,17.7,76,usa,dodge aspen se,dodge,0.027389756231169543
18.0,6,250.0,78.0,3574,21.0,76,usa,ford granada ghia,ford,0.02182428651371013
18.5,6,250.0,110.0,3645,16.2,76,usa,pontiac ventura sj,pontiac,0.03017832647462277
17.5,6,258.0,95.0,3193,17.8,76,usa,amc pacer d/l,amc,0.029752583777012214
29.5,4,97.0,71.0,1825,12.2,76,europe,volkswagen rabbit,volkswagen,0.03890410958904109
32.0,4,85.0,70.0,1990,17.0,76,japan,datsun b-210,datsun,0.035175879396984924
28.0,4,97.0,75.0,2155,16.4,76,japan,toyota corolla,toyota,0.03480278422273782
26.5,4,140.0,72.0,2565,13.6,76,usa,ford pinto,ford,0.028070175438596492
20.0,4,130.0,102.0,3150,15.7,76,europe,volvo 245,volvo,0.03238095238095238
13.0,8,318.0,150.0,3940,13.2,76,usa,plymouth volare premier v8,plymouth,0.03807106598984772
19.0,4,120.0,88.0,3270,21.9,76,europe,peugeot 504,peugeot,0.02691131498470948
19.0,6,156.0,108.0,2930,15.5,76,japan,toyota mark ii,toyota,0.03686006825938567
16.5,6,168.0,120.0,3820,16.7,76,europe,mercedes-benz 280s,mercedes-benz,0.031413612565445025
16.5,8,350.0,180.0,4380,12.1,76,usa,cadillac seville,cadillac,0.0410958904109589
13.0,8,350.0,145.0,4055,12.0,76,usa,chevy c10,chevrolet,0.035758323057953144
13.0,8,302.0,130.0,3870,15.0,76,usa,ford f108,ford,0.03359173126614987
13.0,8,318.0,150.0,3755,14.0,76,usa,dodge d100,dodge,0.03994673768308921
31.5,4,98.0,68.0,2045,18.5,77,japan,honda accord cvcc,honda,0.033251833740831294
30.0,4,111.0,80.0,2155,14.8,77,usa,buick opel isuzu deluxe,buick,0.037122969837587005
36.0,4,79.0,58.0,1825,18.6,77,europe,renault 5 gtl,renault,0.03178082191780822
25.5,4,122.0,96.0,2300,15.5,77,usa,plymouth arrow gs,plymouth,0.04173913043478261
33.5,4,85.0,70.0,1945,16.8,77,japan,datsun f-10 hatchback,datsun,0.03598971722365039
17.5,8,305.0,145.0,3880,12.5,77,usa,chevrolet caprice classic,chevrolet,0.037371134020618556
17.0,8,260.0,110.0,4060,19.0,77,usa,oldsmobile cutlass supreme,oldsmobile,0.027093596059113302
15.5,8,318.0,145.0,4140,13.7,77,usa,dodge monaco brougham,dodge,0.035024154589371984
15.0,8,302.0,130.0,4295,14.9,77,usa,mercury cougar brougham,mercury,0.030267753201396973
17.5,6,250.0,110.0,3520,16.4,77,usa,chevrolet concours,chevrolet,0.03125
20.5,6,231.0,105.0,3425,16.9,77,usa,buick skylark,buick,0.030656934306569343
19.0,6,225.0,100.0,3630,17.7,77,usa,plymouth volare custom,plymouth,0.027548209366391185
18.5,6,250.0,98.0,3525,19.0,77,usa,ford granada,ford,0.027801418439716313
16.0,8,400.0,180.0,4220,11.1,77,usa,pontiac grand prix lj,pontiac,0.04265402843601896
15.5,8,350.0,170.0,4165,11.4,77,usa,chevrolet monte carlo landau,chevrolet,0.04081632653061224
15.5,8,400.0,190.0,4325,12.2,77,usa,chrysler cordoba,chrysler,0.04393063583815029
16.0,8,351.0,149.0,4335,14.5,77,usa,ford thunderbird,ford,0.03437139561707036
29.0,4,97.0,78.0,1940,14.5,77,europe,volkswagen rabbit custom,volkswagen,0.04020618556701031
24.5,4,151.0,88.0,2740,16.0,77,usa,pontiac sunbird coupe,pontiac,0.032116788321167884
26.0,4,97.0,75.0,2265,18.2,77,japan,toyota corolla liftback,toyota,0.033112582781456956
25.5,4,140.0,89.0,2755,15.8,77,usa,ford mustang ii 2+2,ford,0.032304900181488204
30.5,4,98.0,63.0,2051,17.0,77,usa,chevrolet chevette,chevrolet,0.030716723549488054
33.5,4,98.0,83.0,2075,15.9,77,usa,dodge colt m/m,dodge,0.04
30.0,4,97.0,67.0,1985,16.4,77,japan,subaru dl,subaru,0.033753148614609575
30.5,4,97.0,78.0,2190,14.1,77,europe,volkswagen dasher,volkswagen,0.03561643835616438
22.0,6,146.0,97.0,2815,14.5,77,japan,datsun 810,datsun,0.034458259325044406
21.5,4,121.0,110.0,2600,12.8,77,europe,bmw 320i,bmw,0.04230769230769231
21.5,3,80.0,110.0,2720,13.5,77,japan,mazda rx-4,mazda,0.04044117647058824
43.1,4,90.0,48.0,1985,21.5,78,europe,volkswagen rabbit custom diesel,volkswagen,0.024181360201511334
36.1,4,98.0,66.0,1800,14.4,78,usa,ford fiesta,ford,0.03666666666666667
32.8,4,78.0,52.0,1985,19.4,78,japan,mazda glc deluxe,mazda,0.02619647355163728
39.4,4,85.0,70.0,2070,18.6,78,japan,datsun b210 gx,datsun,0.033816425120772944
36.1,4,91.0,60.0,1800,16.4,78,japan,honda civic cvcc,honda,0.03333333333333333
19.9,8,260.0,110.0,3365,15.5,78,usa,oldsmobile cutlass salon brougham,oldsmobile,0.03268945022288262
19.4,8,318.0,140.0,3735,13.2,78,usa,dodge diplomat,dodge,0.03748326639892905
20.2,8,302.0,139.0,3570,12.8,78,usa,mercury monarch ghia,mercury,0.03893557422969188
19.2,6,231.0,105.0,3535,19.2,78,usa,pontiac phoenix lj,pontiac,0.0297029702970297
20.5,6,200.0,95.0,3155,18.2,78,usa,chevrolet malibu,chevrolet,0.030110935023771792
20.2,6,200.0,85.0,2965,15.8,78,usa,ford fairmont (auto),ford,0.02866779089376054
25.1,4,140.0,88.0,2720,15.4,78,usa,ford fairmont (man),ford,0.03235294117647059
20.5,6,225.0,100.0,3430,17.2,78,usa,plymouth volare,plymouth,0.029154518950437316
19.4,6,232.0,90.0,3210,17.2,78,usa,amc concord,amc,0.028037383177570093
20.6,6,231.0,105.0,3380,15.8,78,usa,buick century special,buick,0.03106508875739645
20.8,6,200.0,85.0,3070,16.7,78,usa,mercury zephyr,mercury,0.02768729641693811
18.6,6,225.0,110.0,3620,18.7,78,usa,dodge aspen,dodge,0.03038674033149171
18.1,6,258.0,120.0,3410,15.1,78,usa,amc concord d/l,amc,0.03519061583577713
19.2,8,305.0,145.0,3425,13.2,78,usa,chevrolet monte carlo landau,chevrolet,0.042335766423357665
17.7,6,231.0,165.0,3445,13.4,78,usa,buick regal sport coupe (turbo),buick,0.047895500725689405
18.1,8,302.0,139.0,3205,11.2,78,usa,ford futura,ford,0.04336973478939157
17.5,8,318.0,140.0,4080,13.7,78,usa,dodge magnum xe,dodge,0.03431372549019608
30.0,4,98.0,68.0,2155,16.5,78,usa,chevrolet chevette,chevrolet,0.03155452436194896
27.5,4,134.0,95.0,2560,14.2,78,japan,toyota corona,toyota,0.037109375
27.2,4,119.0,97.0,2300,14.7,78,japan,datsun 510,datsun,0.04217391304347826
30.9,4,105.0,75.0,2230,14.5,78,usa,dodge omni,dodge,0.033632286995515695
21.1,4,134.0,95.0,2515,14.8,78,japan,toyota celica gt liftback,toyota,0.03777335984095427
23.2,4,156.0,105.0,2745,16.7,78,usa,plymouth sapporo,plymouth,0.03825136612021858
23.8,4,151.0,85.0,2855,17.6,78,usa,oldsmobile starfire sx,oldsmobile,0.0297723292469352
23.9,4,119.0,97.0,2405,14.9,78,japan,datsun 200-sx,datsun,0.040332640332640335
20.3,5,131.0,103.0,2830,15.9,78,europe,audi 5000,audi,0.036395759717314485
17.0,6,163.0,125.0,3140,13.6,78,europe,volvo 264gl,volvo,0.03980891719745223
21.6,4,121.0,115.0,2795,15.7,78,europe,saab 99gle,saab,0.04114490161001789
16.2,6,163.0,133.0,3410,15.8,78,europe,peugeot 604sl,peugeot,0.03900293255131965
31.5,4,89.0,71.0,1990,14.9,78,europe,volkswagen scirocco,volkswagen,0.035678391959798994
29.5,4,98.0,68.0,2135,16.6,78,japan,honda accord lx,honda,0.03185011709601874
21.5,6,231.0,115.0,3245,15.4,79,usa,pontiac lemans v6,pontiac,0.03543913713405239
19.8,6,200.0,85.0,2990,18.2,79,usa,mercury zephyr 6,mercury,0.028428093645484948
22.3,4,140.0,88.0,2890,17.3,79,usa,ford fairmont 4,ford,0.03044982698961938
20.2,6,232.0,90.0,3265,18.2,79,usa,amc concord dl 6,amc,0.027565084226646247
20.6,6,225.0,110.0,3360,16.6,79,usa,dodge aspen 6,dodge,0.03273809523809524
17.0,8,305.0,130.0,3840,15.4,79,usa,chevrolet caprice classic,chevrolet,0.033854166666666664
17.6,8,302.0,129.0,3725,13.4,79,usa,ford ltd landau,ford,0.03463087248322148
16.5,8,351.0,138.0,3955,13.2,79,usa,mercury grand marquis,mercury,0.03489254108723135
18.2,8,318.0,135.0,3830,15.2,79,usa,dodge st. regis,dodge,0.03524804177545692
16.9,8,350.0,155.0,4360,14.9,79,usa,buick estate wagon (sw),buick,0.03555045871559633
15.5,8,351.0,142.0,4054,14.3,79,usa,ford country squire (sw),ford,0.03502713369511593
19.2,8,267.0,125.0,3605,15.0,79,usa,chevrolet malibu classic (sw),chevrolet,0.03467406380027739
18.5,8,360.0,150.0,3940,13.0,79,usa,chrysler lebaron town @ country (sw),chrysler,0.03807106598984772
31.9,4,89.0,71.0,1925,14.0,79,europe,vw rabbit custom,volkswagen,0.036883116883116886
34.1,4,86.0,65.0,1975,15.2,79,japan,maxda glc deluxe,mazda,0.03291139240506329
35.7,4,98.0,80.0,1915,14.4,79,usa,dodge colt hatchback custom,dodge,0.04177545691906005
27.4,4,121.0,80.0,2670,15.0,79,usa,amc spirit dl,amc,0.0299625468164794
25.4,5,183.0,77.0,3530,20.1,79,europe,mercedes benz 300d,mercedes-benz,0.02181303116147309
23.0,8,350.0,125.0,3900,17.4,79,usa,cadillac eldorado,cadillac,0.03205128205128205
27.2,4,141.0,71.0,3190,24.8,79,europe,peugeot 504,peugeot,0.02225705329153605
23.9,8,260.0,90.0,3420,22.2,79,usa,oldsmobile cutlass salon brougham,oldsmobile,0.02631578947368421
34.2,4,105.0,70.0,2200,13.2,79,usa,plymouth horizon,plymouth,0.031818181818181815
34.5,4,105.0,70.0,2150,14.9,79,usa,plymouth horizon tc3,plymouth,0.03255813953488372
31.8,4,85.0,65.0,2020,19.2,79,japan,datsun 210,datsun,0.03217821782178218
37.3,4,91.0,69.0,2130,14.7,79,europe,fiat strada custom,fiat,0.0323943661971831
28.4,4,151.0,90.0,2670,16.0,79,usa,buick skylark limited,buick,0.033707865168539325
28.8,6,173.0,115.0,2595,11.3,79,usa,chevrolet citation,chevrolet,0.04431599229287091
26.8,6,173.0,115.0,2700,12.9,79,usa,oldsmobile omega brougham,oldsmobile,0.04259259259259259
33.5,4,151.0,90.0,2556,13.2,79,usa,pontiac phoenix,pontiac,0.035211267605633804
41.5,4,98.0,76.0,2144,14.7,80,europe,vw rabbit,volkswagen,0.03544776119402985
38.1,4,89.0,60.0,1968,18.8,80,japan,toyota corolla tercel,toyota,0.03048780487804878
32.1,4,98.0,70.0,2120,15.5,80,usa,chevrolet chevette,chevrolet,0.0330188679245283
37.2,4,86.0,65.0,2019,16.4,80,japan,datsun 310,datsun,0.032194155522535906
28.0,4,151.0,90.0,2678,16.5,80,usa,chevrolet citation,chevrolet,0.033607169529499624
26.4,4,140.0,88.0,2870,18.1,80,usa,ford fairmont,ford,0.030662020905923345
24.3,4,151.0,90.0,3003,20.1,80,usa,amc concord,amc,0.029970029970029972
19.1,6,225.0,90.0,3381,18.7,80,usa,dodge aspen,dodge,0.026619343389529725
34.3,4,97.0,78.0,2188,15.8,80,europe,audi 4000,audi,0.0356489945155393
29.8,4,134.0,90.0,2711,15.5,80,japan,toyota corona liftback,toyota,0.033198081888601995
31.3,4,120.0,75.0,2542,17.5,80,japan,mazda 626,mazda,0.029504327301337528
37.0,4,119.0,92.0,2434,15.0,80,japan,datsun 510 hatchback,datsun,0.03779786359901397
32.2,4,108.0,75.0,2265,15.2,80,japan,toyota corolla,toyota,0.033112582781456956
46.6,4,86.0,65.0,2110,17.9,80,japan,mazda glc,mazda,0.030805687203791468
27.9,4,156.0,105.0,2800,14.4,80,usa,dodge colt,dodge,0.0375
40.8,4,85.0,65.0,2110,19.2,80,japan,datsun 210,datsun,0.030805687203791468
44.3,4,90.0,48.0,2085,21.7,80,europe,vw rabbit c (diesel),volkswagen,0.02302158273381295
43.4,4,90.0,48.0,2335,23.7,80,europe,vw dasher (diesel),volkswagen,0.020556745182012847
36.4,5,121.0,67.0,2950,19.9,80,europe,audi 5000s (diesel),audi,0.02271186440677966
30.0,4,146.0,67.0,3250,21.8,80,europe,mercedes-benz 240d,mercedes-benz,0.020615384615384615
44.6,4,91.0,67.0,1850,13.8,80,japan,honda civic 1500 gl,honda,0.036216216216216214
33.8,4,97.0,67.0,2145,18.0,80,japan,subaru dl,subaru,0.031235431235431235
29.8,4,89.0,62.0,1845,15.3,80,europe,vokswagen rabbit,volkswagen,0.03360433604336043
32.7,6,168.0,132.0,2910,11.4,80,japan,datsun 280-zx,datsun,0.04536082474226804
23.7,3,70.0,100.0,2420,12.5,80,japan,mazda rx-7 gs,mazda,0.04132231404958678
35.0,4,122.0,88.0,2500,15.1,80,europe,triumph tr7 coupe,triumph,0.0352
32.4,4,107.0,72.0,2290,17.0,80,japan,honda accord,honda,0.0314410480349345
27.2,4,135.0,84.0,2490,15.7,81,usa,plymouth reliant,plymouth,0.033734939759036145
26.6,4,151.0,84.0,2635,16.4,81,usa,buick skylark,buick,0.031878557874762806
25.8,4,156.0,92.0,2620,14.4,81,usa,dodge aries wagon (sw),dodge,0.035114503816793895
23.5,6,173.0,110.0,2725,12.6,81,usa,chevrolet citation,chevrolet,0.04036697247706422
30.0,4,135.0,84.0,2385,12.9,81,usa,plymouth reliant,plymouth,0.03522012578616352
39.1,4,79.0,58.0,1755,16.9,81,japan,toyota starlet,toyota,0.03304843304843305
39.0,4,86.0,64.0,1875,16.4,81,usa,plymouth champ,plymouth,0.034133333333333335
35.1,4,81.0,60.0,1760,16.1,81,japan,honda civic 1300,honda,0.03409090909090909
32.3,4,97.0,67.0,2065,17.8,81,japan,subaru,subaru,0.0324455205811138
37.0,4,85.0,65.0,1975,19.4,81,japan,datsun 210 mpg,datsun,0.03291139240506329
37.7,4,89.0,62.0,2050,17.3,81,japan,toyota tercel,toyota,0.03024390243902439
34.1,4,91.0,68.0,1985,16.0,81,japan,mazda glc 4,mazda,0.03425692695214106
34.7,4,105.0,63.0,2215,14.9,81,usa,plymouth horizon 4,plymouth,0.028442437923250564
34.4,4,98.0,65.0,2045,16.2,81,usa,ford escort 4w,ford,0.03178484107579462
29.9,4,98.0,65.0,2380,20.7,81,usa,ford escort 2h,ford,0.0273109243697479
33.0,4,105.0,74.0,2190,14.2,81,europe,volkswagen jetta,volkswagen,0.033789954337899546
33.7,4,107.0,75.0,2210,14.4,81,japan,honda prelude,honda,0.033936651583710405
32.4,4,108.0,75.0,2350,16.8,81,japan,toyota corolla,toyota,0.031914893617021274
32.9,4,119.0,100.0,2615,14.8,81,japan,datsun 200sx,datsun,0.03824091778202677
31.6,4,120.0,74.0,2635,18.3,81,japan,mazda 626,mazda,0.02808349146110057
28.1,4,141.0,80.0,3230,20.4,81,europe,peugeot 505s turbo diesel,peugeot,0.02476780185758514
30.7,6,145.0,76.0,3160,19.6,81,europe,volvo diesel,volvo,0.024050632911392405
25.4,6,168.0,116.0,2900,12.6,81,japan,toyota cressida,toyota,0.04
24.2,6,146.0,120.0,2930,13.8,81,japan,datsun 810 maxima,datsun,0.040955631399317405
22.4,6,231.0,110.0,3415,15.8,81,usa,buick century,buick,0.032210834553440704
26.6,8,350.0,105.0,3725,19.0,81,usa,oldsmobile cutlass ls,oldsmobile,0.028187919463087248
20.2,6,200.0,88.0,3060,17.1,81,usa,ford granada gl,ford,0.02875816993464052
17.6,6,225.0,85.0,3465,16.6,81,usa,chrysler lebaron salon,chrysler,0.024531024531024532
28.0,4,112.0,88.0,2605,19.6,82,usa,chevrolet cavalier,chevrolet,0.03378119001919386
27.0,4,112.0,88.0,2640,18.6,82,usa,chevrolet cavalier wagon,chevrolet,0.03333333333333333
34.0,4,112.0,88.0,2395,18.0,82,usa,chevrolet cavalier 2-door,chevrolet,0.03674321503131524
31.0,4,112.0,85.0,2575,16.2,82,usa,pontiac j2000 se hatchback,pontiac,0.03300970873786408
29.0,4,135.0,84.0,2525,16.0,82,usa,dodge aries se,dodge,0.03326732673267327
27.0,4,151.0,90.0,2735,18.0,82,usa,pontiac phoenix,pontiac,0.03290676416819013
24.0,4,140.0,92.0,2865,16.4,82,usa,ford fairmont futura,ford,0.03211169284467714
36.0,4,105.0,74.0,1980,15.3,82,europe,volkswagen rabbit l,volkswagen,0.03737373737373737
37.0,4,91.0,68.0,2025,18.2,82,japan,mazda glc custom l,mazda,0.03358024691358025
31.0,4,91.0,68.0,1970,17.6,82,japan,mazda glc custom,mazda,0.03451776649746193
38.0,4,105.0,63.0,2125,14.7,82,usa,plymouth horizon miser,plymouth,0.029647058823529412
36.0,4,98.0,70.0,2125,17.3,82,usa,mercury lynx l,mercury,0.03294117647058824
36.0,4,120.0,88.0,2160,14.5,82,japan,nissan stanza xe,nissan,0.040740740740740744
36.0,4,107.0,75.0,2205,14.5,82,japan,honda accord,honda,0.034013605442176874
34.0,4,108.0,70.0,2245,16.9,82,japan,toyota corolla,toyota,0.031180400890868598
38.0,4,91.0,67.0,1965,15.0,82,japan,honda civic,honda,0.03409669211195929
32.0,4,91.0,67.0,1965,15.7,82,japan,honda civic (auto),honda,0.03409669211195929
38.0,4,91.0,67.0,1995,16.2,82,japan,datsun 310 gx,datsun,0.033583959899749376
25.0,6,181.0,110.0,2945,16.4,82,usa,buick century limited,buick,0.03735144312393888
38.0,6,262.0,85.0,3015,17.0,82,usa,oldsmobile cutlass ciera (diesel),oldsmobile,0.028192371475953566
26.0,4,156.0,92.0,2585,14.5,82,usa,chrysler lebaron medallion,chrysler,0.035589941972920695
22.0,6,232.0,112.0,2835,14.7,82,usa,ford granada l,ford,0.03950617283950617
32.0,4,144.0,96.0,2665,13.9,82,japan,toyota celica gt,toyota,0.03602251407129456
36.0,4,135.0,84.0,2370,13.0,82,usa,dodge charger 2.2,dodge,0.035443037974683546
27.0,4,151.0,90.0,2950,17.3,82,usa,chevrolet camaro,chevrolet,0.030508474576271188
27.0,4,140.0,86.0,2790,15.6,82,usa,ford mustang gl,ford,0.03082437275985663
44.0,4,97.0,52.0,2130,24.6,82,europe,vw pickup,volkswagen,0.024413145539906103
32.0,4,135.0,84.0,2295,11.6,82,usa,dodge rampage,dodge,0.036601307189542485
28.0,4,120.0,79.0,2625,18.6,82,usa,ford ranger,ford,0.030095238095238095
31.0,4,119.0,82.0,2720,19.4,82,usa,chevy s-10,chevrolet,0.030147058823529412
